Player1,Result,FNL1,FSP.1,FSW.1,SSP.1,SSW.1,ACE.1,DBF.1,WNR.1,UFE.1,BPC.1,BPW.1,NPA.1,NPW.1,ST1.1,ST2.1,ST3.1,ST4.1,ST5.1
Lukas Lacko,0,0,61,35,39,18,5,1,17,29,1,3,8,11,3,6,1,NA,NA
Leonardo Mayer,1,3,61,31,39,13,13,1,13,1,7,14,,,6,6,6,NA,NA
Marcos Baghdatis,0,0,52,53,48,20,8,4,37,50,1,9,16,23,4,5,4,NA,NA
Dmitry Tursunov,1,3,53,39,47,24,8,6,8,6,6,9,,,6,6,6,NA,NA
Juan Monaco,0,1,76,63,24,12,0,4,16,35,3,12,9,13,6,4,6,2,NA
Santiago Giraldo,0,1,65,51,35,22,9,3,35,41,2,7,6,12,3,2,6,6,NA
Dudi Sela,0,2,68,73,32,24,5,3,41,50,9,17,14,30,6,6,7,3,3
Fabio Fognini,1,2,47,18,53,15,3,4,21,31,6,20,6,9,6,6,NA,NA,NA
David Guez,0,0,64,26,36,12,3,,20,39,3,7,5,14,5,4,1,NA,NA
Nikolay Davydenko,1,3,77,76,23,11,6,4,6,4,7,24,,,3,6,3,6,6
Pablo Carreno Busta,0,2,53,46,47,35,7,7,47,58,4,5,19,33,3,6,6,1,2
Tommy Robredo,1,3,57,62,43,43,13,0,50,38,6,18,15,19,6,6,3,7,8
Samuel Groth,0,0,65,40,35,17,16,4,35,25,0,2,20,43,4,3,4,NA,NA
Nicolas Mahut,0,2,64,63,36,23,7,4,49,57,6,15,24,46,3,5,6,6,3
Alejandro Falla,1,3,60,50,40,23,4,2,4,2,10,28,,,6,6,6,6,NA
Stanislas Wawrinka,1,2,63,20,37,6,4,1,23,11,4,9,13,14,6,4,NA,NA,NA
Alejandro Gonzalez,0,0,68,34,32,7,2,4,22,41,5,7,11,21,3,4,4,NA,NA
Steve Johnson,0,2,53,50,47,28,21,12,21,12,4,6,,,6,3,0,7,4
Ricardas Berankis,0,0,50,39,50,26,10,3,28,38,1,3,17,31,5,5,2,NA,NA
Jeremy Chardy,1,3,66,46,34,16,9,2,31,27,4,9,12,13,6,6,6,NA,NA
Jordan Thompson,0,2,60,58,40,21,13,8,40,36,3,10,18,28,6,6,4,2,1
Albert Ramos,0,0,61,32,39,10,2,3,2,3,3,7,,,4,2,4,NA,NA
Florian Mayer,1,3,58,36,42,22,6,1,25,23,5,11,11,14,6,6,6,NA,NA
Mikhail Youzhny,1,3,69,39,31,17,5,2,11,30,7,9,5,8,6,6,6,NA,NA
Guillermo Garcia-Lopez,1,2,58,27,42,11,7,3,19,9,4,4,3,5,7,5,NA,NA,NA
Carlos Berlocq,0,1,57,49,43,32,9,4,9,4,4,13,,,4,6,7,2,NA
Dominic Thiem,1,3,55,60,45,31,20,3,20,3,5,12,,,5,6,6,7,NA
Kevin Anderson,1,3,63,76,37,28,21,9,21,9,3,14,,,2,6,6,6,6
Ivo Karlovic,0,0,66,55,34,18,25,1,48,27,1,3,24,50,6,3,6,NA,NA
Jan Hajek,0,0,73,31,27,6,2,6,2,6,1,2,,,4,2,1,NA,NA
Di Wu,0,0,60,46,40,29,3,5,33,36,2,13,23,35,5,5,6,NA,NA
Tomas Berdych,1,3,66,39,34,19,9,0,35,17,4,14,13,23,6,6,6,NA,NA
James Duckworth,0,0,52,36,48,19,13,3,34,38,0,1,19,34,4,4,2,NA,NA
Radek Stepanek,0,2,51,37,49,29,5,11,51,54,4,11,22,32,7,6,1,0,NA
Teymuraz Gabashvili,1,3,58,49,42,24,5,4,5,4,9,17,,,6,6,6,6,NA
Fernando Verdasco,1,3,61,59,39,24,20,6,44,40,5,14,7,11,5,6,6,6,NA
Daniel Brands,0,2,63,109,37,36,41,4,111,81,2,25,29,44,7,4,6,3,1
Marin Cilic,1,3,58,57,42,30,22,4,63,53,5,8,21,31,4,4,6,6,6
Thomaz Bellucci,1,2,53,39,47,24,8,6,33,37,4,7,18,22,4,6,7,NA,NA
Jo-Wilfried Tsonga,1,3,62,37,38,23,15,1,36,25,5,13,12,15,7,6,6,NA,NA
Martin Klizan,1,2,54,25,46,21,9,2,27,10,2,5,1,3,6,7,NA,NA,NA
Blaz Rola,1,3,68,57,32,13,6,8,6,8,4,9,,,6,6,7,NA,NA
Michal Przysiezny,1,3,69,48,31,17,15,0,15,0,5,8,,,6,7,7,NA,NA
Stephane Robert,1,3,46,25,54,21,4,2,22,22,9,17,11,12,7,6,6,NA,NA
Somdev Devvarman,0,0,52,34,48,28,6,1,6,1,2,7,,,4,4,6,NA,NA
Michael Berrer,1,3,63,39,37,19,9,6,9,6,5,12,,,6,7,6,NA,NA
Vincent Millot,1,3,57,63,43,34,18,9,54,68,11,26,8,11,7,4,6,6,6
Andy Murray,1,3,69,33,31,11,12,2,32,13,7,13,4,5,6,6,6,NA,NA
Rhyne Williams,0,1,57,52,43,25,29,1,55,39,1,2,12,18,7,3,4,4,NA
Roberto Bautista Agut,1,3,82,37,18,7,1,1,1,1,8,18,,,6,6,6,NA,NA
Nick Kyrgios,1,3,54,60,46,25,34,13,71,52,6,8,5,8,6,6,6,7,NA
Benoit Paire,1,3,57,54,43,22,24,6,58,25,3,12,22,35,7,6,6,NA,NA
Bradley Klahn,0,1,58,54,42,28,10,9,10,9,0,0,,,7,4,4,3,NA
Jimmy Wang,0,0,63,32,37,12,1,3,1,3,3,7,,,3,2,1,NA,NA
Peter Gojowczyk,0,0,55,44,45,22,8,6,36,59,1,6,5,7,6,6,3,NA,NA
Milos Raonic,1,3,64,56,36,17,21,7,48,29,7,20,21,30,7,6,4,6,NA
Marinko Matosevic,0,2,61,69,39,29,14,9,46,63,3,9,16,30,3,7,2,6,2
Dusan Lajovic,1,3,61,53,39,30,7,7,28,57,5,10,8,17,6,7,4,6,NA
Robin Haase,0,1,67,56,33,18,11,6,38,56,1,4,13,15,7,6,2,0,NA
Andreas Seppi,1,3,59,72,41,40,17,5,67,59,7,18,8,11,7,6,5,5,7
Ryan Harrison,0,0,62,42,38,17,2,1,19,23,0,0,13,20,4,4,4,NA,NA
Tobias Kamke,0,1,49,51,51,36,6,8,6,8,2,12,,,6,7,2,4,NA
Thanasi Kokkinakis,1,3,54,55,46,36,8,9,54,45,3,5,14,23,7,0,7,6,NA
Rafael Nadal,1,1,62,14,38,6,5,1,13,5,1,1,5,5,6,NA,NA,NA,NA
Leonardo Mayer,0,0,52,28,48,17,3,7,14,39,0,0,7,11,0,4,4,NA,NA
Dmitry Tursunov,0,1,53,45,47,26,5,5,31,44,3,10,24,38,6,6,1,4,NA
Sam Querrey,1,3,72,45,28,11,19,4,30,21,5,9,6,11,6,6,6,NA,NA
Fabio Fognini,1,3,58,62,42,30,9,12,51,60,5,15,27,33,7,6,3,6,NA
Nikolay Davydenko,0,0,77,48,23,11,6,1,39,43,4,5,9,12,6,4,4,NA,NA
Tommy Robredo,1,3,58,61,42,38,17,3,66,25,4,13,13,17,6,6,6,7,NA
Matthew Ebden,0,1,68,64,32,19,8,3,30,43,3,11,26,35,6,6,6,1,NA
Stanislas Wawrinka,1,3,56,57,44,31,9,4,61,46,6,17,23,29,6,6,6,6,NA
Adrian Mannarino,0,1,55,44,45,25,5,1,32,73,5,10,18,31,6,7,0,3,NA
Jeremy Chardy,1,3,60,74,40,30,22,10,76,73,5,14,24,38,7,7,6,7,NA
Pablo Andujar,0,1,79,71,21,20,11,1,57,28,3,11,17,26,6,6,6,3,NA
Mikhail Youzhny,0,2,55,55,45,36,14,5,48,46,3,7,14,21,4,6,3,6,3
Edouard Roger-Vasselin,1,3,57,49,43,28,11,2,11,2,7,17,,,7,6,4,6,NA
Kevin Anderson,1,3,65,43,35,18,15,5,30,22,3,5,12,15,6,6,6,NA,NA
Damir Dzumhur,0,2,51,36,49,26,7,6,33,27,3,5,12,18,4,4,6,4,NA
Tomas Berdych,1,3,64,37,36,15,5,4,29,13,5,8,21,25,6,6,6,NA,NA
Blaz Kavcic,0,0,62,32,38,18,6,3,14,21,1,2,4,13,2,1,6,NA,NA
Fernando Verdasco,0,2,60,67,40,34,12,18,56,71,6,10,15,26,6,6,6,4,4
Marin Cilic,0,2,50,50,50,32,15,7,15,7,7,15,,,6,6,7,1,2
Jo-Wilfried Tsonga,1,3,64,51,36,18,14,6,47,28,3,9,16,24,7,6,6,NA,NA
Blaz Rola,0,1,63,66,37,24,12,8,12,8,3,4,,,4,3,7,6,NA
Stephane Robert,1,3,58,56,42,30,13,8,43,28,6,17,13,15,7,6,6,6,NA
Michael Berrer,0,0,68,47,32,17,6,3,29,25,2,4,37,61,4,6,4,NA,NA
Andy Murray,1,3,59,35,41,17,5,5,25,31,8,17,7,7,6,6,7,NA,NA
Roberto Bautista Agut,1,3,69,88,31,23,12,6,72,59,5,8,20,28,4,6,5,6,7
Benoit Paire,1,3,50,68,50,47,32,5,78,45,7,24,28,32,6,6,6,6,6
Yen-Hsun Lu,0,0,70,47,30,19,2,2,23,46,2,4,13,18,3,3,6,NA,NA
Milos Raonic,1,3,64,57,36,23,27,2,63,36,2,6,17,25,7,6,6,NA,NA
Dusan Lajovic,0,0,70,37,30,8,7,3,17,49,1,5,4,7,1,1,6,NA,NA
Andreas Seppi,0,2,57,57,43,33,12,10,47,65,6,18,9,15,4,6,3,6,5
Jack Sock,0,0,58,48,42,23,5,9,34,37,1,1,16,29,6,5,2,NA,NA
Rafael Nadal,1,3,74,45,26,11,7,1,39,19,5,10,11,14,6,6,6,NA,NA
Denis Istomin,0,0,65,41,35,10,5,1,14,26,1,1,3,9,3,3,5,NA,NA
Fabio Fognini,1,3,60,41,40,26,9,3,43,26,4,10,7,11,7,6,6,NA,NA
Tommy Robredo,1,3,65,70,35,21,16,3,51,38,3,7,18,25,2,7,6,7,NA
Jeremy Chardy,0,0,58,44,42,17,8,8,30,51,1,3,17,27,2,6,2,NA,NA
Florian Mayer,1,3,68,42,32,15,17,0,38,7,5,11,12,13,7,6,6,NA,NA
Kevin Anderson,1,3,67,77,33,26,27,6,82,69,3,12,22,30,3,4,6,7,7
Tomas Berdych,1,3,57,37,43,19,13,1,32,26,5,9,13,18,6,6,6,NA,NA
Teymuraz Gabashvili,0,0,69,38,31,10,3,5,27,33,0,5,7,19,2,2,3,NA,NA
Jo-Wilfried Tsonga,1,3,66,49,34,20,17,0,40,29,3,6,20,27,7,6,6,NA,NA
Stephane Robert,1,3,72,54,28,11,7,5,35,23,4,10,14,17,6,7,6,NA,NA
Andy Murray,1,3,64,50,36,16,6,2,29,30,4,11,11,18,7,6,6,NA,NA
Benoit Paire,0,0,58,30,42,10,13,3,31,59,2,7,11,22,2,1,4,NA,NA
Milos Raonic,0,1,59,55,41,30,21,5,50,39,1,3,22,53,3,6,4,6,NA
Donald Young,0,0,64,23,36,7,1,5,17,32,1,4,15,30,5,1,0,NA,NA
Rafael Nadal,1,3,67,38,33,20,2,0,21,18,6,12,9,13,6,6,6,NA,NA
Fabio Fognini,0,0,59,32,41,13,3,7,20,44,0,0,11,16,3,0,2,NA,NA
Stanislas Wawrinka,1,3,56,54,44,24,14,3,57,37,2,5,17,25,6,7,7,NA,NA
Florian Mayer,0,1,61,52,39,27,4,3,33,49,3,11,29,56,7,5,2,1,NA
Tomas Berdych,1,3,52,33,48,21,4,3,38,17,5,17,15,18,6,6,6,NA,NA
Jo-Wilfried Tsonga,0,0,52,32,48,23,8,1,29,28,0,1,11,25,3,5,4,NA,NA
Andy Murray,1,3,62,59,38,25,8,3,48,47,7,14,16,24,6,6,6,6,NA
Grigor Dimitrov,1,3,60,57,40,21,11,3,38,34,4,5,23,35,6,3,6,6,NA
Rafael Nadal,1,3,71,67,29,14,12,1,36,28,5,8,10,19,7,7,7,NA,NA
Stanislas Wawrinka,1,3,58,71,42,36,17,5,51,60,5,10,20,30,2,6,6,3,9
Tomas Berdych,1,3,52,52,48,27,10,4,43,62,5,13,18,28,6,6,2,6,NA
Andy Murray,0,1,61,60,39,28,9,1,41,46,1,2,17,27,3,4,7,3,NA
Rafael Nadal,1,3,73,66,27,22,3,7,42,47,4,11,32,36,3,7,7,6,NA
Tomas Berdych,0,1,62,71,38,30,21,7,60,49,0,1,23,31,3,7,6,6,NA
Rafael Nadal,1,3,65,41,35,22,3,1,28,25,4,14,3,10,7,6,6,NA,NA
Rafael Nadal,0,1,78,50,22,10,1,3,19,32,2,6,5,8,3,2,6,3,NA
Novak Djokovic,1,3,68,45,32,17,10,0,40,30,4,8,8,9,6,7,6,NA,NA
Albert Montanes,0,0,60,23,40,9,1,4,1,4,0,0,,,1,3,1,NA,NA
Denis Istomin,1,3,77,57,23,15,9,1,41,41,4,13,12,16,6,7,6,NA,NA
Michael Russell,0,0,50,24,50,19,1,8,1,8,1,7,,,2,2,3,NA,NA
Ernests Gulbis,1,3,53,59,47,32,17,11,59,79,3,5,16,28,1,6,7,6,NA
Sam Querrey,1,3,63,60,37,22,24,4,47,45,4,7,14,17,6,6,3,7,NA
Jarkko Nieminen,1,3,60,66,40,34,2,6,57,72,10,17,25,36,3,7,6,6,6
Alex Bogomolov Jr.,0,0,54,26,46,13,0,11,11,46,2,6,8,12,3,2,NA,NA,NA
Richard Gasquet,1,3,67,42,33,14,12,,32,20,7,10,8,11,7,6,6,NA,NA
Lukasz Kubot,0,2,60,68,40,25,8,12,8,12,6,14,,,6,3,6,3,4
Julien Benneteau,1,3,66,62,34,24,16,4,49,46,7,19,30,43,6,3,4,6,6
Lukas Rosol,0,2,51,72,49,41,11,12,82,96,3,7,28,44,1,7,6,6,6
Vasek Pospisil,1,3,67,45,33,13,6,4,31,17,4,10,6,10,6,6,6,NA,NA
Matthew Ebden,1,3,67,58,33,23,7,7,45,55,6,12,28,37,6,7,4,0,6
Mikhail Kukushkin,0,1,55,55,45,23,2,3,2,3,4,14,,,7,2,2,3,NA
Andrey Golubev,0,0,64,18,36,10,0,0,8,15,1,2,6,12,4,1,NA,NA,NA
David Ferrer,1,3,53,28,47,21,2,6,33,30,8,12,18,22,6,6,6,NA,NA
Adrian Mannarino,1,3,58,52,42,37,3,3,3,3,7,11,,,3,6,6,5,6
Alexandr Dolgopolov,1,3,58,42,42,23,7,4,37,31,5,16,12,12,7,7,6,NA,NA
Jesse Huta Galung,0,0,57,41,43,13,9,7,30,33,0,5,14,17,2,4,4,NA,NA
Jerzy Janowicz,1,3,64,74,36,27,18,11,62,64,5,9,31,46,1,4,6,6,6
Pablo Andujar,1,3,73,40,27,15,2,1,2,1,7,12,,,6,6,6,NA,NA
Denis Kudla,0,0,59,35,41,18,1,2,31,45,1,3,12,20,4,2,4,NA,NA
Jan-Lennard Struff,0,0,49,24,51,12,2,8,20,61,2,5,15,22,1,4,2,NA,NA
Tommy Haas,0,0,52,22,48,11,4,7,18,35,1,2,10,10,5,2,NA,NA,NA
Edouard Roger-Vasselin,1,3,65,67,35,32,6,6,6,6,7,16,,,6,7,6,6,NA
Joao Sousa,0,1,65,57,35,30,8,0,8,0,3,8,,,7,4,3,6,NA
Jiri Vesely,0,2,57,69,43,43,16,10,16,10,2,6,,,6,7,4,4,4
Ivan Dodig,1,3,83,68,17,12,8,2,41,7,2,3,24,35,7,6,7,NA,NA
Damir Dzumhur,1,3,53,31,47,19,4,3,4,3,7,12,,,6,6,6,NA,NA
Kenny De Schepper,1,3,62,63,38,20,19,13,58,66,4,11,29,44,7,7,7,NA,NA
Aleksandr Nedovyesov,0,0,61,37,39,17,8,2,22,37,0,2,11,16,3,4,3,NA,NA
Roger Federer,1,3,58,40,42,19,11,5,30,17,4,17,18,22,6,6,6,NA,NA
Blaz Kavcic,1,2,63,43,37,22,10,6,41,27,6,14,6,15,6,4,6,2,NA
Sergiy Stakhovsky,0,1,55,50,45,21,14,8,14,8,3,6,,,7,4,2,0,NA
Ze Zhang,0,1,58,44,42,25,7,6,20,48,1,5,10,17,7,3,2,3,NA
Gilles Simon,1,3,56,114,44,57,32,18,75,53,4,10,37,55,6,6,3,6,1
Marcel Granollers,0,2,61,64,39,27,13,4,41,34,2,3,20,29,6,6,3,3,2
Julian Reister,0,1,60,41,40,16,4,9,21,36,4,8,8,19,6,3,6,NA,NA
Filippo Volandri,0,0,57,35,43,20,2,6,28,39,1,2,20,31,5,3,3,NA,NA
John Isner,0,0,78,36,22,6,10,0,23,23,0,3,5,10,2,6,NA,NA,NA
Federico Delbonis,0,0,63,38,37,16,4,1,4,1,0,8,,,4,2,5,NA,NA
Horacio Zeballos,0,0,60,43,40,18,11,4,11,4,2,4,,,3,6,5,NA,NA
Aljaz Bedene,0,0,54,40,46,9,16,11,28,52,4,5,6,10,6,3,0,NA,NA
Feliciano Lopez,1,3,65,50,35,18,12,2,12,2,4,7,,,6,6,7,NA,NA
Michael Llodra,0,0,72,47,28,12,10,5,10,5,0,2,,,4,5,1,NA,NA
Wayne Odesnik,0,2,67,67,33,22,11,2,39,73,7,20,10,17,5,6,7,1,3
Go Soeda,0,0,61,28,39,6,6,3,23,33,0,0,11,16,1,1,3,NA,NA
Juan Martin Del Potro,1,3,64,62,36,23,16,3,46,29,4,8,21,28,6,6,6,6,NA
Tim Smyczek,0,0,61,28,39,10,8,5,8,5,1,2,,,2,1,1,NA,NA
Benjamin Becker,0,1,53,45,47,31,12,5,38,36,3,7,6,6,3,7,2,6,NA
Frank Dancevic,0,0,59,47,41,20,12,3,36,14,1,4,15,32,6,3,4,NA,NA
Grigor Dimitrov,1,3,57,55,43,30,14,4,14,4,4,8,,,6,6,6,6,NA
Yen-Hsun Lu,1,3,62,33,38,11,9,5,9,5,9,19,,,6,6,6,NA,NA
Victor Hanescu,1,3,66,60,34,23,9,4,24,34,2,6,10,12,7,7,6,NA,NA
Daniel Gimeno-Traver,0,1,56,43,44,25,5,5,22,33,3,6,8,12,6,1,6,2,NA
Kei Nishikori,1,3,66,68,34,25,6,6,44,50,7,15,11,16,6,5,6,4,6
Lucas Pouille,0,1,61,55,39,22,2,10,41,88,4,8,23,39,4,6,6,3,NA
Donald Young,1,3,73,58,27,16,0,5,34,33,2,7,29,40,6,7,6,1,NA
Lleyton Hewitt,0,2,51,76,49,38,23,5,54,61,7,13,23,40,6,3,7,7,5
Gael Monfils,1,3,64,43,36,18,9,5,43,27,3,4,18,22,6,6,6,NA,NA
Jack Sock,1,3,50,54,50,43,16,12,16,12,4,10,,,7,5,6,6,NA
Igor Sijsling,0,1,59,56,41,23,20,5,53,47,4,9,23,36,6,6,6,2,NA
Bernard Tomic,0,0,71,15,29,3,3,1,13,7,0,0,3,5,4,NA,NA,NA,NA
Novak Djokovic,1,3,66,36,34,17,12,2,30,11,5,6,5,9,6,6,6,NA,NA
Denis Istomin,1,3,54,47,46,36,14,1,46,34,5,8,14,18,7,4,6,6,NA
Ernests Gulbis,0,0,46,23,54,21,7,4,19,41,1,3,6,11,2,3,4,NA,NA
Jarkko Nieminen,0,1,65,57,35,23,3,5,24,37,2,16,15,24,5,4,6,2,NA
Richard Gasquet,1,3,58,41,42,21,9,5,33,37,6,11,10,15,7,6,6,NA,NA
Julien Benneteau,0,1,62,68,38,27,14,6,64,65,1,11,42,65,3,7,1,6,NA
Vasek Pospisil,1,3,60,59,40,31,13,3,46,47,4,5,25,39,3,7,7,6,NA
Alejandro Falla,0,1,60,56,40,25,1,3,26,37,2,7,24,39,3,3,7,4,NA
David Ferrer,1,3,68,56,32,18,0,4,32,48,9,17,21,22,7,5,6,6,NA
Alexandr Dolgopolov,0,1,71,81,29,22,15,2,43,36,4,12,19,24,5,6,7,6,NA
Jerzy Janowicz,1,3,67,76,33,25,15,5,63,47,3,11,11,18,4,7,7,6,NA
Florian Mayer,1,3,60,59,40,33,19,3,48,41,4,11,29,42,6,3,6,3,6
Guillermo Garcia-Lopez,0,1,51,46,49,26,9,10,9,10,4,13,,,6,4,6,1,NA
Dominic Thiem,0,0,59,34,41,16,10,3,28,21,0,2,2,5,4,3,4,NA,NA
Ivan Dodig,1,2,55,39,45,20,13,2,37,43,3,7,12,19,6,6,3,1,NA
Kenny De Schepper,0,0,63,33,37,10,8,9,29,32,0,0,14,25,4,1,3,NA,NA
Roger Federer,1,3,76,45,24,9,11,0,52,35,6,11,23,29,6,6,7,NA,NA
Teymuraz Gabashvili,1,3,68,62,32,26,2,4,24,51,5,17,6,10,7,3,2,6,6
Gilles Simon,1,3,49,65,51,41,7,8,7,8,10,12,,,4,7,6,6,6
Thomaz Bellucci,0,0,45,31,55,34,9,5,19,29,1,4,13,18,6,4,4,NA,NA
Martin Klizan,1,3,58,49,42,34,16,5,16,5,5,14,,,6,6,5,7,NA
Michal Przysiezny,0,1,58,50,42,24,12,6,46,63,2,7,22,36,6,1,7,1,NA
Feliciano Lopez,1,3,62,45,38,23,8,3,43,24,4,11,17,21,6,7,6,NA,NA
Vincent Millot,0,0,55,25,45,20,2,7,22,55,3,4,12,20,2,2,5,NA,NA
Juan Martin Del Potro,0,2,72,76,28,21,28,2,53,41,4,17,13,25,6,3,7,4,5
Nick Kyrgios,0,2,66,86,34,27,24,11,59,74,2,10,21,35,7,7,4,2,2
Grigor Dimitrov,1,3,59,49,41,18,15,7,36,35,5,21,5,9,6,6,7,NA,NA
Victor Hanescu,0,0,67,55,33,22,6,1,23,23,0,5,7,10,6,4,4,NA,NA
Kei Nishikori,1,3,64,43,36,15,5,3,30,27,6,12,10,14,6,6,7,NA,NA
Donald Young,1,3,61,71,39,29,6,15,47,78,6,15,31,48,6,2,6,4,7
Gael Monfils,1,3,62,47,38,23,13,3,39,30,4,11,20,26,7,7,6,NA,NA
Thanasi Kokkinakis,0,0,67,33,33,10,4,3,21,24,0,3,8,10,2,4,2,NA,NA
Novak Djokovic,1,3,63,38,37,20,6,1,31,23,5,8,16,21,6,6,7,NA,NA
Sam Querrey,0,0,63,43,37,19,10,1,27,41,1,4,11,23,5,4,4,NA,NA
Richard Gasquet,0,1,62,61,38,28,4,5,62,34,3,9,44,57,6,5,4,6,NA
David Ferrer,1,3,72,44,28,17,2,1,22,24,5,11,10,12,6,7,6,NA,NA
Jerzy Janowicz,0,0,53,34,47,18,3,7,34,44,0,1,11,15,5,2,2,NA,NA
Edouard Roger-Vasselin,0,2,74,94,26,20,8,4,43,34,3,7,17,29,6,6,3,6,5
Damir Dzumhur,0,0,44,25,56,17,5,6,21,34,0,2,5,9,4,2,2,NA,NA
Roger Federer,1,3,62,39,38,16,6,1,35,18,5,14,11,20,6,6,6,NA,NA
Gilles Simon,0,0,53,34,47,22,7,3,21,25,0,3,23,28,6,4,2,NA,NA
Martin Klizan,0,0,53,32,47,21,6,4,36,38,0,3,18,29,0,6,4,NA,NA
Feliciano Lopez,0,0,57,39,43,20,8,7,31,44,1,1,26,37,6,4,2,NA,NA
Roberto Bautista Agut,1,3,83,46,17,7,4,1,21,23,7,20,11,14,6,6,6,NA,NA
Grigor Dimitrov,1,3,60,55,40,33,15,5,49,13,2,4,12,15,6,3,6,7,NA
Kei Nishikori,1,3,54,29,46,21,3,1,30,27,8,12,3,7,7,6,6,NA,NA
Gael Monfils,0,0,69,39,31,10,10,5,33,57,0,6,4,9,1,2,3,NA,NA
Novak Djokovic,1,3,72,38,28,12,7,2,33,21,6,22,12,16,6,6,6,NA,NA
Tommy Robredo,0,0,71,53,29,14,1,0,24,22,1,4,13,16,3,6,6,NA,NA
David Ferrer,1,3,63,55,37,24,3,1,64,43,9,19,19,27,6,7,6,6,NA
Kevin Anderson,0,0,72,40,28,9,16,1,31,30,0,0,6,19,2,2,3,NA,NA
Roger Federer,1,3,57,42,43,25,7,1,43,21,3,7,34,41,6,7,6,NA,NA
Stephane Robert,0,1,51,39,49,22,3,8,33,56,1,6,20,31,1,2,7,2,NA
Roberto Bautista Agut,0,1,64,44,36,22,5,1,27,45,1,5,13,23,3,6,2,4,NA
Kei Nishikori,0,0,66,51,34,16,2,1,36,51,4,10,20,25,6,5,6,NA,NA
Novak Djokovic,0,2,73,75,27,23,7,1,45,60,4,7,26,35,6,4,2,6,7
David Ferrer,0,1,61,46,39,23,2,1,30,46,3,12,12,13,1,4,6,4,NA
Roger Federer,1,3,64,61,36,28,10,0,54,42,4,17,49,66,6,6,6,6,NA
Grigor Dimitrov,0,1,58,64,42,32,16,5,54,61,3,6,28,41,6,6,6,2,NA
Stanislas Wawrinka,1,3,61,72,39,32,18,4,57,49,1,4,14,18,6,6,7,7,NA
Roger Federer,0,0,66,45,34,18,8,1,34,50,1,2,23,42,6,3,3,NA,NA
Stanislas Wawrinka,1,3,55,46,45,22,19,2,53,49,5,15,11,12,6,6,3,6,NA
B.Becker,0,0,59,29,41,14,5,1,26,18,5,1,28,19,4,3,2,NA,NA
J.Ward,0,1,62,77,38,35,18,4,60,28,13,1,27,19,7,4,6,6,NA
N.Mahut,1,3,72,44,28,10,17,3,41,18,8,5,26,17,6,6,6,NA,NA
T.Robredo,1,3,77,40,23,12,6,0,25,11,14,5,14,11,6,6,6,NA,NA
R.Haase,0,0,68,61,32,15,7,2,32,29,2,0,29,20,4,5,5,NA,NA
M.Gicquel,0,0,59,41,41,27,7,6,22,28,6,1,11,6,3,2,6,NA,NA
A.Kuznetsov,1,3,63,56,37,21,21,3,56,32,16,4,21,15,6,6,3,6,NA
J.Tipsarevic,0,0,61,47,39,21,3,1,28,16,4,0,33,24,3,4,6,NA,NA
M.Baghdatis,0,0,61,31,39,16,4,5,20,18,1,1,14,9,3,4,4,NA,NA
K.De Schepper,1,3,67,56,33,21,22,6,61,29,8,3,47,35,7,6,6,NA,NA
L.Lacko,0,1,64,66,36,18,13,2,55,40,3,1,22,15,5,4,7,2,NA
J.Monaco,1,3,78,46,22,9,6,2,19,20,14,6,9,7,6,6,6,NA,NA
T.Kamke,0,1,69,60,31,14,3,2,33,33,7,2,34,25,4,7,4,2,NA
F.Verdasco,1,3,63,58,37,21,20,7,64,29,11,6,25,18,6,6,6,6,NA
E.Roger-Vasselin,0,0,66,48,34,21,5,5,42,30,11,2,49,29,6,4,5,NA,NA
J-W.Tsonga,1,3,68,54,32,15,18,2,47,13,6,3,48,32,7,6,6,NA,NA
V.Hanescu,0,0,85,26,15,3,3,1,14,13,0,0,22,8,3,2,0,NA,NA
R.Dutra Silva,0,0,54,27,46,17,1,3,17,22,2,0,21,11,4,0,4,NA,NA
J.Reister,1,3,68,102,32,27,22,10,55,44,19,4,34,22,6,4,7,6,6
F.Fognini,0,1,66,52,34,21,3,2,49,33,12,4,37,24,7,5,3,2,NA
K.Edmund,0,0,71,39,29,10,4,3,17,12,4,0,11,9,2,2,4,NA,NA
R.Stepanek,1,3,66,37,34,17,8,1,35,19,12,5,43,33,6,6,6,NA,NA
M.Matosevic,0,1,53,43,47,22,6,3,29,36,12,4,31,17,1,6,4,3,NA
N.Almagro,1,3,55,43,45,29,11,4,36,14,10,2,21,18,6,7,7,NA,NA
L.Hewitt,1,3,57,37,43,26,5,1,32,11,15,6,31,20,6,7,6,NA,NA
D.Brown,1,3,75,47,25,12,9,2,46,21,7,4,41,29,6,6,6,NA,NA
P.Andujar,0,0,60,32,40,12,1,3,15,20,0,0,15,11,1,2,3,NA,NA
J.Isner,1,3,75,55,25,19,22,1,40,20,4,2,24,16,6,7,7,NA,NA
A.Ungur,0,1,59,43,41,25,2,5,26,21,2,2,25,14,4,6,3,1,NA
S.Robert,1,3,68,50,32,13,5,4,37,30,15,7,24,18,6,7,7,NA,NA
L.Kubot,1,3,60,34,40,16,11,6,43,18,11,7,37,28,6,7,6,NA,NA
R.Nadal,0,0,67,52,33,21,6,3,32,24,7,2,36,28,6,6,4,NA,NA
A.Ramos,0,0,58,30,42,8,7,4,29,23,6,1,16,9,2,5,1,NA,NA
G.Pella,0,2,65,58,35,26,15,3,50,33,19,4,30,22,4,2,6,6,3
G.Zemlja,1,3,68,67,32,20,18,5,68,33,10,6,44,31,6,6,6,6,NA
G.Dimitrov,1,3,73,43,27,10,15,2,26,9,11,5,16,12,6,6,6,NA,NA
D.Istomin,0,2,62,78,38,32,17,2,60,40,7,3,23,14,6,6,7,6,3
M.Llodra,1,3,62,43,38,21,17,4,43,15,6,3,47,32,7,6,6,NA,NA
L.Mayer,1,3,63,47,37,20,13,4,41,33,7,4,24,16,6,6,6,NA,NA
K.Nishikori,1,3,67,37,33,19,1,2,32,14,11,6,26,17,6,6,6,NA,NA
I.Dodig,1,3,65,84,35,25,20,8,69,30,12,2,54,36,4,6,7,6,2
J.Duckworth,0,2,58,63,42,20,19,5,53,44,17,4,47,32,4,2,6,6,1
A.Kuznetsov,0,0,61,39,39,11,8,1,39,18,6,0,17,12,3,4,4,NA,NA
M.Raonic,1,3,71,45,29,13,19,5,54,18,12,4,27,17,6,6,6,NA,NA
G.Elias,0,0,43,22,57,26,0,6,14,20,2,1,22,12,1,6,2,NA,NA
H.Zeballos,0,2,61,66,39,37,17,6,66,55,9,2,46,28,6,6,7,1,3
R.Bautista Agut,1,3,75,63,25,16,6,1,31,25,10,4,20,15,6,6,7,NA,NA
D.Ferrer,1,3,68,57,32,15,7,6,31,22,12,6,30,26,6,4,7,6,NA
M.Klizan,0,0,64,38,36,18,5,6,28,24,3,0,24,11,3,4,4,NA,NA
D.Brands,1,3,65,90,35,38,19,3,59,41,8,3,46,30,7,6,6,6,6
P.Petzschner,0,0,65,31,35,11,3,0,19,26,4,1,26,14,3,6,0,NA,NA
K.Anderson,1,3,72,39,28,14,28,2,68,19,10,5,16,9,6,6,6,NA,NA
B.Tomic,1,3,78,86,22,20,11,2,45,30,8,2,21,10,7,7,3,2,6
J.Blake,1,3,52,30,48,20,7,1,31,7,17,6,31,22,6,6,6,NA,NA
A.Haider-Maurer,0,0,56,43,44,18,8,6,35,29,2,2,26,16,6,5,1,NA,NA
R.Gasquet,1,3,65,65,35,22,8,1,60,28,16,5,46,31,6,6,7,6,NA
D.Tursunov,0,0,56,37,44,24,5,4,29,13,4,0,22,14,3,5,5,NA,NA
W.Odesnik,0,2,70,73,30,28,6,2,52,60,12,8,35,21,6,6,2,6,5
R.Berankis,0,1,52,73,48,36,19,10,67,38,8,1,35,23,6,5,7,4,NA
G.Simon,0,0,60,49,40,27,5,6,40,26,0,0,56,36,2,4,6,NA,NA
R.Harrison,0,1,65,70,35,30,18,2,43,17,3,1,49,26,6,6,5,2,NA
B.Kavcic,0,0,58,40,42,12,7,1,16,19,9,0,5,3,4,1,3,NA,NA
B.Reynolds,1,3,62,68,38,38,22,1,52,32,16,3,45,26,1,7,6,6,6
N.Djokovic,1,3,63,41,37,26,5,,40,20,11,3,26,20,6,7,6,NA,NA
Y-H.Lu,0,0,66,49,34,13,1,5,29,27,3,0,39,25,3,3,5,NA,NA
T.Robredo,1,3,63,52,37,28,9,3,38,9,5,2,15,10,7,6,7,NA,NA
V.Pospisil,0,2,63,83,37,25,26,2,66,27,7,2,61,39,2,7,6,6,4
V.Troicki,1,3,63,43,37,16,15,4,30,17,12,4,22,16,6,6,6,NA,NA
J.Monaco,1,3,68,54,32,24,7,0,53,10,14,5,19,15,5,6,6,6,NA
F.Verdasco,1,3,55,48,45,27,15,4,53,16,9,2,25,15,7,7,6,NA,NA
J-W.Tsonga,0,1,68,40,32,13,9,5,19,14,10,2,38,22,6,3,3,NA,NA
S.Stakhovsky,1,3,66,83,34,36,17,2,72,17,7,2,96,61,6,7,7,7,NA
J.Melzer,1,3,64,60,36,33,12,1,56,28,12,2,71,49,3,7,7,6,NA
N.Almagro,1,3,69,71,31,20,21,4,55,17,10,5,29,24,7,6,6,6,NA
D.Brown,1,3,64,71,36,25,21,5,74,22,6,5,87,48,6,6,6,6,NA
S.Robert,0,0,61,42,39,23,4,4,29,27,4,0,30,20,4,5,4,NA,NA
J.Levine,0,0,61,41,39,16,13,7,38,29,3,1,41,26,2,6,3,NA,NA
G.Dimitrov,0,2,68,92,32,33,21,5,56,31,17,2,40,31,6,6,6,4,8
K.Nishikori,1,3,67,51,33,19,2,5,29,20,12,5,15,9,7,6,6,NA,NA
D.Kudla,0,0,57,39,43,24,3,5,26,22,7,2,40,26,1,6,5,NA,NA
M.Raonic,0,0,68,57,32,17,22,4,48,24,4,0,22,14,5,4,6,NA,NA
D.Brands,0,0,75,53,25,11,19,1,33,10,1,1,20,13,6,4,2,NA,NA
K.Anderson,1,3,69,49,31,18,15,2,33,10,6,3,27,18,6,7,6,NA,NA
J.Blake,0,0,59,37,41,16,11,4,38,21,5,2,24,18,3,4,5,NA,NA
R.Gasquet,1,3,57,47,43,23,11,5,54,21,18,9,28,22,6,6,6,6,NA
J.Struff,1,2,55,36,45,17,7,3,20,15,2,1,10,6,2,7,2,NA,NA
N.Djokovic,1,3,59,39,41,22,12,0,41,12,18,4,20,14,7,6,6,NA,NA
T.Robredo,0,0,67,47,33,12,6,1,34,25,3,1,29,21,2,4,5,NA,NA
J.Melzer,1,3,67,51,33,19,9,0,47,16,7,6,39,25,6,2,7,6,NA
N.Almagro,0,0,72,58,28,8,18,3,32,18,1,1,19,9,6,3,4,NA,NA
A.Mannarino,1,3,65,44,35,20,16,2,40,10,12,4,28,14,6,6,7,NA,NA
G.Zemlja,0,0,67,53,33,11,14,5,44,27,0,0,21,13,5,6,0,NA,NA
K.Nishikori,0,2,69,63,31,23,3,6,44,45,11,3,30,23,6,2,7,1,4
I.Sijsling,0,0,62,12,38,4,3,0,8,10,0,0,14,4,0,1,0,NA,NA
D.Ferrer,1,3,70,76,30,22,6,8,34,39,24,7,50,34,6,7,2,6,6
K.Anderson,0,1,60,53,40,25,19,3,45,12,14,3,29,16,6,3,4,5,NA
R.Gasquet,0,1,69,83,31,27,15,3,73,25,8,1,64,51,6,7,5,6,NA
F.Lopez,0,1,54,48,46,30,14,3,42,25,10,2,38,24,6,2,5,4,NA
N.Djokovic,1,3,74,40,26,12,8,1,38,3,16,5,21,18,6,6,6,NA,NA
M.Youzhny,0,0,61,36,39,16,1,1,33,20,5,2,55,39,4,6,1,NA,NA
F.Verdasco,1,3,64,42,36,18,9,4,42,13,14,4,21,13,6,6,6,NA,NA
J.Janowicz,1,3,57,68,43,36,16,8,54,26,9,3,42,28,3,7,6,4,6
L.Kubot,1,3,67,72,33,25,26,7,62,34,16,3,87,56,4,6,3,6,6
A.Seppi,0,0,59,47,41,18,5,4,36,20,2,0,27,21,4,6,3,NA,NA
D.Ferrer,1,3,66,62,34,29,7,3,53,25,15,5,46,31,6,7,6,6,NA
B.Tomic,0,1,71,82,29,22,19,2,43,31,7,1,24,12,6,7,4,4,NA
N.Djokovic,1,3,65,44,35,17,13,3,40,16,13,6,22,15,6,6,7,NA,NA
F.Verdasco,0,2,59,63,41,29,11,9,45,45,7,3,45,26,6,6,1,4,5
L.Kubot,0,0,57,44,43,20,9,3,32,11,6,0,54,30,5,4,4,NA,NA
D.Ferrer,0,0,68,45,32,17,8,2,41,22,2,0,31,25,2,4,6,NA,NA
N.Djokovic,1,3,61,42,39,21,16,1,36,13,10,4,17,11,7,6,6,NA,NA
J.Janowicz,0,1,55,54,45,27,9,11,43,43,7,1,51,32,7,4,4,3,NA
N.Djokovic,1,3,69,102,31,21,22,2,80,48,15,3,56,42,7,4,7,6,6
N.Djokovic,0,0,65,40,35,15,4,4,31,40,13,4,52,30,4,5,4,NA,NA
A.Murray,1,3,57,39,43,20,11,2,38,16,10,5,23,17,6,6,6,NA,NA
Y-H.Lu,1,3,67,85,33,31,12,3,57,32,15,2,46,39,6,6,7,7,NA
J.Hajek,0,0,70,34,30,14,4,0,24,13,1,0,19,12,2,4,3,NA,NA
A.Bogomolov Jr.,0,0,79,35,21,8,1,4,16,27,0,0,22,13,2,2,4,NA,NA
M.Youzhny,1,3,67,53,33,17,9,3,40,26,21,3,44,30,6,7,7,NA,NA
V.Pospisil,1,3,70,56,30,11,25,3,53,30,12,4,33,26,6,6,7,NA,NA
A.Montanes,0,1,73,59,27,14,7,8,33,28,9,2,11,10,3,4,6,3,NA
V.Troicki,1,3,71,55,29,16,15,2,40,26,10,2,38,27,6,6,7,NA,NA
M.Cilic,1,3,70,45,30,16,16,2,41,19,6,4,11,8,6,6,6,NA,NA
P.Lorenzi,0,0,54,40,46,22,4,2,22,15,6,0,23,15,6,4,2,NA,NA
R.Ram,1,3,67,64,33,23,16,0,52,21,16,5,50,32,7,6,6,6,NA
B.Knittel,0,0,58,33,42,17,4,12,17,44,1,1,21,14,4,2,3,NA,NA
J.Benneteau,1,3,63,65,37,26,12,6,60,27,12,6,61,44,6,6,6,6,NA
X.Malisse,0,1,63,48,37,24,7,1,23,34,2,1,27,14,7,1,4,3,NA
E.Gulbis,1,3,65,59,35,20,20,6,55,36,8,4,26,17,7,6,7,NA,NA
D.Goffin,0,0,71,46,29,19,2,3,40,10,1,0,36,26,6,4,3,NA,NA
R.Federer,1,3,70,35,30,14,7,0,32,6,8,6,25,21,6,6,6,NA,NA
S.Stakhovsky,1,3,62,38,38,20,7,2,29,15,8,5,41,29,6,6,6,NA,NA
L.Rosol,0,2,59,81,41,39,20,13,95,74,17,3,59,42,3,6,6,7,4
J.Melzer,1,3,69,62,31,22,8,3,45,29,15,8,82,50,6,7,6,6,NA
J.Janowicz,1,3,68,40,32,17,11,4,39,17,21,5,17,11,6,6,6,NA,NA
M.Reid,0,0,60,34,40,12,12,7,29,30,2,0,21,10,2,2,4,NA,NA
G.Rufin,1,3,47,42,53,26,6,9,29,47,14,8,34,20,6,4,6,6,NA
J.Zopp,0,0,52,51,48,27,11,11,34,36,0,0,26,14,4,6,5,NA,NA
S.Wawrinka,0,0,60,41,40,20,12,2,44,37,10,2,21,13,4,5,3,NA,NA
G.Garcia-Lopez,0,0,67,32,33,10,4,4,23,13,3,0,13,9,3,3,3,NA,NA
A.Mannarino,1,3,63,31,37,17,6,0,34,14,13,6,31,23,6,6,6,NA,NA
E.Donskoy,0,0,65,47,35,15,4,4,27,20,0,0,18,13,1,6,6,NA,NA
B.Paire,1,3,63,51,37,18,26,3,64,21,13,6,33,21,6,4,6,6,NA
A.Falla,0,0,57,41,43,22,1,6,28,42,9,5,30,16,3,6,5,NA,NA
I.Andreev,0,0,69,28,31,9,5,2,20,21,3,2,9,4,1,5,2,NA,NA
S.Darcis,1,3,60,53,40,28,13,2,53,24,11,3,46,32,7,7,6,NA,NA
J.Del Potro,1,3,73,45,27,12,10,1,34,10,8,6,11,9,6,7,6,NA,NA
J.Levine,1,3,63,63,37,29,18,10,61,53,8,5,46,34,6,6,4,3,4
M.Russell,0,1,66,60,34,17,10,5,38,36,11,2,30,20,7,4,4,1,NA
S.Bolelli,0,0,59,34,41,13,4,2,20,28,0,0,12,5,1,4,3,NA,NA
A.Seppi,1,3,61,84,39,36,13,5,47,49,5,2,26,17,7,7,5,3,6
J.Nieminen,0,0,65,44,35,18,3,3,24,14,1,1,15,9,6,4,3,NA,NA
A.Bedene,0,0,60,34,40,16,7,3,19,30,6,0,10,5,2,3,4,NA,NA
M.Ebden,0,0,61,39,39,12,8,6,20,25,2,1,23,15,2,4,3,NA,NA
P.Kohlschreiber,0,2,57,75,43,37,14,3,60,34,6,1,39,23,6,7,6,3,1
D.Kudla,1,3,61,63,39,35,5,3,44,31,15,7,47,31,6,6,3,4,6
I.Sijsling,1,3,60,49,40,21,12,9,39,17,4,3,26,16,6,6,6,NA,NA
C.Berlocq,0,0,64,42,36,18,4,2,23,13,1,0,25,16,4,3,3,NA,NA
A.Dolgopolov,1,3,64,38,36,19,7,0,38,17,10,5,42,27,6,7,6,NA,NA
S.Giraldo,1,3,73,76,27,30,13,0,47,39,9,5,27,15,3,7,6,6,6
T.Gabashvili,0,0,58,40,42,21,5,5,38,52,8,2,26,16,3,4,6,NA,NA
M.Alund,0,1,74,53,26,13,8,2,28,23,3,2,23,14,1,6,5,2,NA
T.Berdych,1,3,62,47,38,17,6,1,31,14,9,3,26,20,6,6,6,NA,NA
D.Gimeno-Traver,0,2,69,93,31,27,20,3,64,37,4,0,18,10,6,7,7,1,4
M.Przysiezny,1,3,56,41,44,21,4,2,29,20,8,5,27,22,6,7,6,NA,NA
O.Rochus,0,0,62,30,38,17,0,0,17,14,0,0,4,1,4,2,1,NA,NA
S.Querrey,0,2,64,81,36,28,36,5,79,43,13,4,42,29,6,6,6,6,3
T.De Bakker,0,0,64,30,36,14,7,3,23,17,1,0,23,10,1,3,2,NA,NA
G.Soeda,1,3,55,39,45,25,9,2,31,14,9,5,21,14,7,7,6,NA,NA
M.Granollers,0,1,72,73,28,15,11,3,48,29,5,2,75,50,7,4,5,4,NA
T.Haas,1,3,64,56,36,18,17,3,45,13,6,3,19,14,6,7,7,NA,NA
Y-T.Wang,1,3,69,69,31,22,9,2,50,59,25,9,52,35,7,4,6,3,7
P-H.Mathieu,1,3,61,73,39,30,26,4,68,25,10,3,35,29,7,7,6,6,NA
F.Lopez,1,3,71,55,29,17,21,2,42,12,10,3,44,31,6,6,7,NA,NA
J.Chardy,1,3,66,66,34,22,10,6,60,30,17,3,63,43,7,4,7,6,NA
J.Struff,1,3,59,38,41,22,20,3,53,25,14,5,17,11,6,6,6,NA,NA
S.Johnson,0,2,55,76,45,39,25,8,76,55,11,2,36,26,6,6,3,7,4
F.Mayer,0,0,60,46,40,20,3,,25,12,3,0,29,19,3,5,4,NA,NA
A.Murray,1,3,63,44,37,20,11,1,41,14,15,4,23,19,6,6,7,NA,NA
N.Mahut,0,0,65,48,35,18,17,3,39,19,2,0,54,31,6,1,6,NA,NA
M.Youzhny,1,3,64,76,36,39,8,2,53,20,7,4,46,32,6,6,7,3,6
A.Kuznetsov,0,0,65,34,35,15,3,3,26,22,1,1,21,13,4,3,4,NA,NA
R.Ram,0,1,77,68,23,11,10,3,35,21,3,1,70,33,7,2,4,2,NA
J.Benneteau,0,0,62,55,38,24,7,3,25,16,2,1,39,25,6,6,4,NA,NA
E.Gulbis,1,2,61,40,39,17,12,8,45,24,8,3,25,16,3,6,6,NA,NA
R.Federer,0,1,72,91,28,24,16,1,57,13,8,1,54,35,7,6,5,6,NA
J.Reister,0,1,70,68,30,27,10,5,42,21,9,1,39,23,6,6,6,2,NA
G.Rufin,0,1,63,63,37,18,17,6,48,30,3,2,51,33,5,7,3,4,NA
L.Hewitt,0,1,55,52,45,29,12,4,42,13,10,1,34,15,4,4,7,2,NA
B.Paire,1,3,57,49,43,23,12,2,39,27,6,3,41,26,6,7,6,NA,NA
J.Del Potro,1,3,69,46,31,16,13,0,37,13,11,4,10,6,6,7,6,NA,NA
G.Zemlja,1,3,56,79,44,47,18,5,51,32,6,1,38,27,3,7,3,6,9
L.Mayer,0,0,65,44,35,15,5,5,27,28,5,2,32,19,6,4,2,NA,NA
I.Dodig,1,3,61,55,39,22,24,4,48,20,13,5,28,20,6,7,7,NA,NA
I.Sijsling,1,3,67,52,33,23,17,2,40,7,5,2,24,20,7,6,7,NA,NA
T.Berdych,1,3,58,40,42,26,15,1,55,10,11,4,29,20,7,6,6,NA,NA
M.Przysiezny,0,0,60,42,40,21,6,4,28,20,1,1,22,16,4,6,4,NA,NA
B.Tomic,1,3,72,54,28,13,4,0,33,12,8,5,19,15,6,6,7,NA,NA
G.Soeda,0,1,56,45,44,20,2,3,34,31,6,4,44,29,0,3,7,3,NA
J.Chardy,0,1,59,28,41,16,9,3,30,7,7,2,16,9,6,5,1,NA,NA
B.Reynolds,0,0,68,53,32,15,8,5,25,19,0,0,21,15,6,3,1,NA,NA
A.Murray,1,3,65,44,35,16,9,0,40,14,7,5,28,20,6,6,7,NA,NA
S.Stakhovsky,0,1,62,45,38,21,14,6,44,20,9,3,65,38,2,6,5,3,NA
J.Janowicz,1,3,69,52,31,16,30,3,59,15,5,3,15,14,7,6,6,NA,NA
D.Brown,0,0,58,42,42,16,11,3,34,20,5,0,61,29,4,2,5,NA,NA
J.Del Potro,1,3,61,47,39,20,10,4,29,12,9,4,13,7,7,7,6,NA,NA
A.Seppi,1,3,60,65,40,34,9,1,44,28,12,6,32,26,3,6,6,6,6
I.Dodig,1,3,47,12,53,17,5,1,21,6,9,6,6,5,6,6,1,NA,NA
A.Dolgopolov,0,2,59,76,41,33,15,2,56,34,9,5,53,35,7,6,6,1,2
T.Berdych,1,3,53,54,47,27,11,5,50,19,18,5,34,24,3,6,6,7,NA
B.Tomic,1,3,81,101,19,15,19,1,60,23,7,1,34,25,7,5,7,7,NA
T.Haas,1,3,76,63,24,18,18,2,43,22,10,5,38,24,4,6,7,6,NA
J.Chardy,0,0,66,32,34,15,6,4,18,14,0,0,23,12,3,2,2,NA,NA
A.Murray,1,3,63,55,37,16,15,4,45,16,10,5,42,31,6,7,6,NA,NA
K.De Schepper,0,0,67,43,33,15,9,3,26,12,2,1,51,31,4,4,4,NA,NA
J.Melzer,0,2,71,76,29,28,11,3,57,19,12,3,50,32,6,6,4,6,4
A.Mannarino,0,2,59,69,41,35,13,3,51,24,5,2,39,24,6,3,6,3,4
J.Del Potro,1,3,72,55,28,18,9,1,36,15,11,2,28,15,6,7,6,NA,NA
I.Dodig,0,1,66,64,34,25,14,3,47,32,6,0,54,30,7,6,1,1,NA
T.Berdych,1,3,58,68,42,30,24,5,68,42,15,3,48,30,7,6,6,6,NA
T.Haas,0,0,73,43,27,14,4,2,25,26,7,2,35,16,1,4,6,NA,NA
A.Murray,1,3,69,72,31,23,14,3,36,27,11,5,31,22,4,3,6,6,7
J.Janowicz,1,3,68,63,32,12,30,9,58,14,10,3,16,12,7,6,6,NA,NA
J.Del Potro,1,3,72,55,28,11,12,0,42,11,8,3,21,17,6,6,7,NA,NA
T.Berdych,0,0,53,33,47,27,6,4,31,25,2,2,31,21,6,4,3,NA,NA
A.Murray,1,3,70,60,30,24,20,1,49,15,13,5,36,22,6,6,6,6,NA
J.Del Potro,0,2,60,82,40,42,4,4,48,37,7,2,37,25,5,6,6,7,3
A.Murray,1,3,64,48,36,16,9,2,36,21,17,7,37,26,6,7,6,NA,NA
Pablo Carreno-Busta,0,0,62,27,38,11,1,3,12,29,1,3,9,20,2,2,3,NA,NA
Somdev Devvarman,1,3,62,54,38,22,7,3,26,20,5,8,12,21,6,6,7,NA,NA
Tobias Kamke,1,3,62,53,38,15,4,6,42,55,10,22,14,32,6,6,3,0,6
Julien Benneteau,1,3,72,87,28,19,14,2,48,27,4,13,14,30,7,6,5,7,NA
Lukas Lacko,0,0,52,31,48,22,4,4,21,24,1,1,3,5,3,4,4,NA,NA
Jan Hajek,1,3,70,58,30,18,4,4,35,36,6,12,8,10,6,5,6,6,NA
Adrian Mannarino,0,2,63,71,37,38,5,5,45,80,5,12,28,41,3,6,3,7,5
Gilles Simon,1,3,59,42,41,25,7,2,41,49,10,14,11,18,3,1,6,6,7
Philipp Petzschner,0,0,56,27,44,13,0,6,12,28,1,2,11,18,1,2,3,NA,NA
Radek Stepanek,0,0,63,62,37,29,5,4,41,44,1,6,19,27,6,6,6,NA,NA
Viktor Troicki,1,3,48,29,52,20,12,4,33,12,7,11,14,21,6,6,6,NA,NA
Juan Monaco,0,2,78,85,22,22,2,1,24,30,5,17,12,18,6,6,6,4,4
Benjamin Becker,0,0,66,48,34,13,7,5,24,24,1,5,11,14,4,2,5,NA,NA
Roberto Bautista Agut,1,3,83,51,17,6,6,0,27,18,5,14,5,6,6,6,6,NA,NA
Jarkko Nieminen,1,3,69,84,31,29,11,4,57,42,6,7,8,13,6,4,7,4,6
Jo-Wilfried Tsonga,1,3,50,32,50,23,5,0,29,33,6,10,13,17,6,6,6,NA,NA
Marinko Matosevic,0,0,59,29,41,10,1,5,20,42,5,8,15,26,4,3,4,NA,NA
Steve Johnson,0,2,55,53,45,32,5,7,56,41,4,5,19,35,4,6,3,6,1
Joao Sousa,1,3,70,40,30,14,7,2,29,21,7,10,5,7,6,6,6,NA,NA
Marcel Granollers,0,2,70,55,30,18,7,3,29,37,5,14,17,34,5,6,4,6,NA
Illya Marchenko,0,0,60,39,40,25,0,4,21,35,1,2,8,18,3,5,4,NA,NA
Jan-Lennard Struff,0,1,48,47,52,32,9,5,53,51,6,11,12,20,6,6,6,2,NA
Steve Darcis,0,1,71,49,29,23,3,1,35,18,4,6,21,42,4,6,1,4,NA
Milos Raonic,1,3,73,55,27,14,16,2,61,36,6,9,32,45,6,6,4,6,NA
Andreas Haider-Maurer,0,1,65,50,35,20,8,3,28,32,1,4,7,10,6,4,3,3,NA
Martin Alund,0,1,57,31,43,17,1,2,24,41,2,7,11,22,2,6,1,0,NA
Blaz Kavcic,1,3,63,33,37,17,1,0,25,8,7,12,11,20,6,6,6,NA,NA
Andreas Seppi,1,3,67,73,33,32,8,3,50,69,9,14,18,27,6,6,6,6,6
Jurgen Zopp,0,0,68,35,32,9,3,0,24,27,0,0,14,27,3,2,1,NA,NA
Igor Sijsling,1,3,64,41,36,18,16,3,31,16,6,11,3,8,6,6,6,NA,NA
Ernests Gulbis,1,3,53,36,47,23,7,2,40,26,6,9,16,24,6,7,6,NA,NA
Tomas Berdych,0,2,66,91,34,33,11,2,72,57,1,5,35,50,6,4,7,7,5
Sergiy Stakhovsky,0,0,55,22,45,17,1,1,16,30,1,4,12,27,1,4,3,NA,NA
Michal Przysiezny,1,3,67,75,33,27,13,4,57,31,4,12,29,41,6,6,7,7,NA
Florent Serra,0,0,64,35,36,13,1,1,17,25,2,3,2,3,3,4,5,NA,NA
Florian Mayer,0,1,59,40,41,15,6,3,22,24,4,7,10,14,6,3,5,NA,NA
Albert Ramos,0,0,61,41,39,25,5,1,22,17,1,6,10,18,6,5,3,NA,NA
Kenny De Schepper,0,1,64,61,36,21,7,11,56,60,3,6,31,49,4,6,6,3,NA
Vasek Pospisil,0,2,56,67,44,34,21,7,58,53,1,4,21,30,6,4,7,4,NA
Stanislas Wawrinka,1,3,69,74,31,24,9,3,55,50,4,15,35,56,7,6,6,7,NA
Jesse Levine,0,0,52,16,48,9,1,5,9,33,1,3,4,8,3,2,0,NA,NA
Grega Zemlja,1,3,52,32,48,21,12,2,43,24,6,13,6,7,6,6,6,NA,NA
Lukasz Kubot,1,2,64,30,36,12,4,5,25,45,6,16,16,36,6,5,3,NA,NA
Benoit Paire,1,2,46,40,54,29,6,2,39,46,2,3,21,28,3,7,4,NA,NA
Andreas Beck,0,0,55,37,45,25,4,4,34,39,1,13,15,23,3,5,3,NA,NA
Pere Riba,0,0,60,38,40,14,3,0,12,16,1,5,0,6,3,4,4,NA,NA
Martin Klizan,1,2,49,29,51,22,7,4,32,37,6,11,13,19,3,6,6,NA,NA
Rafael Nadal,1,3,84,74,16,12,2,4,40,26,3,8,19,25,4,7,6,6,NA
Fernando Verdasco,1,3,64,37,36,11,4,5,25,22,7,13,7,12,6,6,6,NA,NA
Federico Delbonis,1,3,55,52,45,27,8,8,53,41,7,10,13,23,6,6,6,6,NA
Mikhail Youzhny,1,3,65,70,35,20,11,5,71,52,6,20,26,37,4,6,6,6,NA
Carlos Berlocq,0,0,73,45,27,10,3,3,27,11,1,5,11,18,3,4,4,NA,NA
Andrey Kuznetsov,0,0,71,48,29,11,4,4,35,31,2,10,17,25,3,4,6,NA,NA
Jack Sock,1,3,56,32,44,23,4,2,26,26,7,13,6,9,6,6,7,NA,NA
Tommy Haas,1,3,65,48,35,13,6,4,27,41,5,9,12,15,7,6,6,NA,NA
Jiri Vesely,0,1,61,59,39,25,8,6,35,44,3,5,21,35,6,6,5,2,NA
Simone Bolelli,0,0,63,33,37,12,4,,18,27,1,1,5,8,4,4,1,NA,NA
Bernard Tomic,0,0,63,38,37,17,6,3,36,34,1,11,14,15,5,6,1,NA,NA
Alexandr Dolgopolov,0,0,55,51,45,22,14,2,44,50,3,7,8,11,6,4,6,NA,NA
Alejandro Falla,0,0,54,10,46,7,1,1,6,15,1,5,5,7,4,0,NA,NA,NA
Alex Kuznetsov,0,0,63,33,37,13,5,3,34,49,1,6,19,26,1,6,2,NA,NA
Ivan Dodig,0,2,56,80,44,37,21,8,70,72,6,14,35,48,6,4,3,6,1
Novak Djokovic,1,3,69,53,31,20,5,0,26,31,3,11,13,21,7,6,7,NA,NA
Somdev Devvarman,0,0,61,19,39,16,2,,12,14,0,3,3,14,2,1,1,NA,NA
Julien Benneteau,1,3,72,83,28,23,5,8,63,76,5,10,32,47,7,7,5,0,6
Jan Hajek,0,0,66,36,34,16,3,1,31,25,4,8,7,18,4,5,4,NA,NA
Gilles Simon,1,3,57,41,43,26,4,1,54,41,10,17,16,22,6,6,6,6,NA
Nick Kyrgios,0,0,64,33,36,10,3,4,14,23,0,3,2,6,4,2,2,NA,NA
Daniel Gimeno-Traver,0,2,78,84,22,15,1,3,49,60,7,10,14,23,6,6,0,7,4
Roberto Bautista Agut,0,0,79,42,21,8,1,0,17,11,0,0,14,20,1,5,4,NA,NA
Jo-Wilfried Tsonga,1,3,65,44,35,19,8,1,35,36,4,7,18,22,7,6,6,NA,NA
Albert Montanes,0,0,67,28,33,9,3,1,28,36,2,3,10,17,2,1,3,NA,NA
Feliciano Lopez,1,3,64,56,36,23,17,0,42,36,3,12,17,22,3,6,6,6,NA
Evgeny Donskoy,0,1,67,62,33,21,3,2,44,36,0,5,9,13,7,1,5,2,NA
Milos Raonic,1,3,63,62,37,25,24,5,75,42,4,12,33,46,7,3,7,6,NA
Edouard Roger-Vasselin,0,0,57,30,43,16,4,1,23,34,1,11,11,17,2,4,3,NA,NA
Andreas Seppi,1,3,57,67,43,41,14,2,63,40,6,18,24,39,6,7,6,4,6
Igor Sijsling,0,2,52,51,48,30,9,4,64,53,3,6,37,50,7,6,3,1,1
Gael Monfils,1,3,64,65,36,32,8,4,29,33,7,11,10,19,6,6,7,6,NA
Michal Przysiezny,0,0,64,27,36,8,3,0,14,34,2,3,6,13,3,3,0,NA,NA
Denis Istomin,0,0,68,41,32,19,3,0,19,41,1,1,13,22,4,5,2,NA,NA
Robin Haase,0,1,68,51,32,21,1,0,23,28,3,10,17,34,4,6,4,3,NA
Stanislas Wawrinka,1,3,66,52,34,18,19,6,50,33,3,6,13,25,6,7,6,NA,NA
Grega Zemlja,0,1,48,39,52,24,5,5,24,47,6,10,8,13,1,7,1,4,NA
Benoit Paire,1,3,57,34,43,20,9,3,54,35,7,16,15,22,7,6,6,NA,NA
Lukas Rosol,0,1,57,51,43,21,8,3,37,51,2,6,17,33,2,6,6,1,NA
Rafael Nadal,1,3,74,55,26,10,5,2,27,29,7,10,14,20,4,6,6,6,NA
Fernando Verdasco,0,2,58,77,42,40,10,9,74,89,4,14,29,39,6,1,6,7,6
Mikhail Youzhny,1,3,69,70,31,24,5,4,44,45,6,15,19,32,6,6,7,6,NA
Ryan Harrison,0,2,64,88,36,32,9,9,52,37,1,7,13,26,7,7,3,1,6
Tommy Haas,1,3,74,62,26,15,11,3,34,30,4,16,10,15,7,6,7,NA,NA
Dmitry Tursunov,0,0,59,31,41,9,6,4,25,15,2,2,6,9,4,6,NA,NA,NA
Lucas Pouille,0,0,60,31,40,14,1,3,15,39,1,6,13,23,1,6,1,NA,NA
Novak Djokovic,1,3,72,38,28,10,1,2,29,26,7,16,17,23,6,6,6,NA,NA
Julien Benneteau,0,0,82,41,18,8,2,1,15,31,1,3,9,15,3,4,5,NA,NA
Gilles Simon,1,3,60,52,40,32,3,2,36,29,6,10,11,22,2,6,2,7,6
Viktor Troicki,1,3,65,61,35,20,7,4,32,36,4,10,13,21,7,6,7,NA,NA
Jo-Wilfried Tsonga,1,3,67,40,33,17,6,0,25,24,5,10,13,15,6,6,7,NA,NA
Feliciano Lopez,0,0,63,37,37,14,5,3,21,41,3,5,18,28,1,5,4,NA,NA
Milos Raonic,0,0,57,49,43,29,16,1,50,38,1,4,13,27,5,6,3,NA,NA
Andreas Seppi,0,0,51,34,49,18,6,2,32,37,1,5,5,8,6,0,4,NA,NA
Gael Monfils,0,2,68,73,32,27,2,1,61,68,4,12,28,36,6,7,2,6,2
Nikolay Davydenko,0,0,76,46,24,9,3,0,36,38,2,3,11,18,4,4,3,NA,NA
Stanislas Wawrinka,1,3,58,54,42,31,9,2,48,29,5,14,24,32,6,6,6,6,NA
Benoit Paire,0,1,43,40,57,36,6,9,36,64,4,9,10,20,3,7,4,1,NA
Rafael Nadal,1,3,78,52,22,14,5,1,24,40,5,18,15,20,7,6,6,NA,NA
Mikhail Youzhny,1,3,64,40,36,21,3,3,42,29,4,8,16,24,6,6,6,NA,NA
Tommy Haas,0,2,63,99,37,52,15,9,85,43,3,23,14,23,7,7,4,6,1
Victor Hanescu,0,0,73,31,27,8,1,5,21,24,1,14,9,22,0,6,1,NA,NA
Novak Djokovic,1,3,68,39,32,13,2,0,13,22,7,16,6,13,6,6,6,NA,NA
Gilles Simon,0,2,61,65,39,28,5,3,32,47,3,6,15,28,1,6,6,2,3
Jo-Wilfried Tsonga,1,3,77,45,23,15,1,2,33,24,4,12,18,25,6,6,6,NA,NA
Kevin Anderson,0,0,71,34,29,7,5,2,25,41,0,2,6,12,3,1,1,NA,NA
Tommy Robredo,1,3,63,73,37,31,8,2,42,39,7,20,23,27,6,3,6,6,6
Stanislas Wawrinka,1,3,63,81,37,41,13,6,92,55,4,20,31,45,6,4,6,7,8
Rafael Nadal,1,3,69,39,31,16,1,0,20,25,5,8,6,8,6,6,6,NA,NA
Tommy Haas,1,3,61,31,39,14,2,3,25,18,8,15,12,15,6,6,6,NA,NA
Novak Djokovic,1,3,74,71,26,23,2,2,38,42,4,8,13,31,4,6,6,6,NA
Jo-Wilfried Tsonga,1,3,75,46,25,10,2,0,26,22,6,14,15,23,7,6,6,NA,NA
Tommy Robredo,0,0,59,22,41,9,2,2,9,28,0,1,4,7,2,1,1,NA,NA
Rafael Nadal,1,3,75,40,25,11,5,0,31,17,7,12,13,16,6,6,6,NA,NA
Novak Djokovic,1,3,64,41,36,22,11,0,46,25,5,12,22,27,6,7,7,NA,NA
David Ferrer,1,3,60,35,40,23,3,1,24,21,6,17,17,22,6,7,6,NA,NA
Novak Djokovic,0,2,67,76,33,30,5,2,54,75,5,9,32,50,4,6,1,7,7
Rafael Nadal,1,3,70,43,30,11,5,2,35,25,8,16,13,17,6,6,6,NA,NA
Roger Federer,1,3,68,33,32,14,10,0,33,19,7,7,14,18,6,6,6,NA,NA
Daniel Munoz-De La Nava,0,0,52,35,48,24,0,2,40,47,1,16,22,25,3,3,5,NA,NA
Paolo Lorenzi,0,2,46,42,54,31,6,8,39,54,10,18,19,27,3,3,6,6,3
Ricardas Berankis,0,1,53,58,47,38,13,10,72,56,4,13,33,43,6,3,7,6,NA
Sam Querrey,1,3,58,39,42,19,10,1,42,37,4,7,12,13,6,6,6,NA,NA
Denis Kudla,0,1,68,48,32,17,5,5,30,51,1,7,6,9,2,7,0,4,NA
Pablo Cuevas,1,3,59,67,41,27,5,6,54,57,6,20,14,22,6,2,6,5,7
Lleyton Hewitt,0,2,49,40,51,29,4,6,44,72,9,10,19,35,6,6,4,1,5
Marin Cilic,1,3,50,26,50,20,5,1,35,15,7,12,13,21,6,6,6,NA,NA
Nick Kyrgios,1,3,56,64,44,35,10,7,46,38,1,3,9,20,7,7,7,NA,NA
James Blake,0,0,47,22,53,15,3,2,23,31,2,2,9,22,4,2,2,NA,NA
Daniel Gimeno-Traver,1,3,52,67,48,47,12,5,72,64,5,10,11,18,4,4,7,6,6
Jeremy Chardy,1,3,66,44,34,17,10,6,46,33,5,11,10,16,6,6,7,NA,NA
Gilles Muller,0,0,55,36,45,18,8,5,32,29,1,3,12,20,3,4,2,NA,NA
Paul-Henri Mathieu,0,2,54,58,46,36,7,8,60,71,5,15,24,33,4,6,6,6,2
Aljaz Bedene,0,0,62,26,38,12,4,4,15,35,1,4,9,13,2,2,3,NA,NA
David Ferrer,1,3,55,33,45,18,3,4,22,22,8,11,6,11,6,6,6,NA,NA
Albert Montanes,1,3,65,59,35,21,5,4,38,20,6,19,11,16,6,3,6,3,6
Go Soeda,0,0,58,24,42,10,3,4,19,41,1,4,6,11,1,3,2,NA,NA
Feliciano Lopez,1,2,58,52,42,33,12,3,52,66,4,5,26,38,7,2,6,4,NA
Kevin Anderson,1,3,64,50,36,15,13,4,38,33,4,12,12,14,6,7,6,NA,NA
Evgeny Donskoy,1,3,59,59,41,25,14,5,40,38,6,10,8,11,7,2,7,6,NA
Michael Llodra,1,3,58,56,42,16,17,6,59,46,7,18,38,63,6,4,6,6,NA
Xavier Malisse,0,1,64,42,36,18,8,1,26,18,2,5,9,13,2,1,6,4,NA
Nicolas Almagro,1,3,53,50,47,28,13,6,40,37,4,7,6,12,4,6,6,6,NA
Edouard Roger-Vasselin,1,3,63,45,37,22,6,1,33,34,8,19,16,21,6,4,6,6,NA
James Duckworth,0,0,46,19,54,11,3,4,13,27,1,5,7,22,2,2,2,NA,NA
Leonardo Mayer,0,2,64,68,36,28,11,8,48,69,6,10,19,37,7,4,3,7,4
Tommy Robredo,1,3,65,37,35,12,6,3,32,7,6,15,8,10,6,6,6,NA,NA
Jurgen Melzer,0,0,72,37,28,6,5,6,24,22,2,5,8,10,4,3,2,NA,NA
Rogerio Dutra Silva,0,0,65,31,35,13,1,2,17,32,3,6,15,23,1,6,3,NA,NA
Gael Monfils,1,3,72,104,28,27,26,3,66,44,3,8,15,21,7,6,6,6,7
Richard Gasquet,1,3,67,36,33,16,3,1,26,13,6,10,21,27,6,6,6,NA,NA
Rhyne Williams,0,1,67,66,33,21,19,2,45,33,1,10,6,16,3,7,5,5,NA
Nikolay Davydenko,1,3,67,50,33,16,3,3,28,27,5,7,5,5,6,6,7,NA,NA
Denis Istomin,1,2,69,44,31,13,7,3,53,31,5,11,17,26,4,6,7,NA,NA
Jerzy Janowicz,1,3,63,49,37,26,17,3,65,46,3,7,19,22,7,7,6,NA,NA
Robin Haase,1,3,65,59,35,25,8,6,35,31,3,8,17,23,6,7,2,6,NA
Horacio Zeballos,1,2,68,71,32,18,10,4,44,42,1,10,15,22,7,6,6,1,NA
Thiemo De Bakker,0,1,69,70,31,25,7,2,38,30,1,4,20,33,5,3,7,5,NA
Kei Nishikori,1,3,51,27,49,19,2,4,26,25,8,11,7,7,6,6,6,NA,NA
Santiago Giraldo,0,0,64,30,36,12,4,0,19,26,0,3,1,2,1,4,1,NA,NA
Maxime Teixeira,0,1,64,37,36,12,4,5,26,42,5,8,11,18,4,7,1,NA,NA
Marcos Baghdatis,0,1,53,34,47,25,2,7,17,24,2,14,13,25,6,6,3,NA,NA
Fabio Fognini,1,3,64,50,36,27,10,5,39,22,5,13,9,11,6,7,6,NA,NA
Lukas Rosol,1,3,62,41,38,23,7,4,62,50,4,7,9,12,6,6,6,NA,NA
Michael Russell,0,1,69,35,31,9,3,4,22,32,3,12,10,19,6,3,1,NA,NA
Daniel Brands,0,1,74,66,26,22,10,1,51,53,1,4,25,40,6,6,4,3,NA
Marc Gicquel,0,0,53,23,47,13,1,3,11,25,1,3,5,8,2,3,1,NA,NA
Julian Reister,0,1,72,47,28,15,2,1,23,35,1,8,9,15,7,1,0,4,NA
Pablo Andujar,0,1,56,49,44,27,2,4,28,39,3,12,11,24,6,4,2,3,NA
John Isner,1,3,63,45,37,16,14,1,52,29,4,9,16,27,6,6,6,NA,NA
Ryan Harrison,1,3,56,46,44,26,6,2,29,20,4,8,12,18,6,6,7,NA,NA
Guillermo Garcia-Lopez,0,0,63,30,37,11,0,10,13,38,2,7,9,14,2,2,5,NA,NA
Guillaume Rufin,0,0,61,32,39,21,2,2,16,33,1,4,14,23,6,1,3,NA,NA
Philipp Kohlschreiber,1,3,62,61,38,21,7,2,50,41,3,13,16,22,7,1,7,6,NA
Yen-Hsun Lu,1,3,77,32,23,9,4,,20,12,4,11,4,6,6,6,2,NA,NA
Victor Hanescu,1,3,71,51,29,19,5,3,27,22,3,5,14,25,7,7,2,NA,NA
Dmitry Tursunov,1,3,51,47,49,28,8,6,38,42,4,8,7,13,7,6,7,NA,NA
Grigor Dimitrov,1,2,59,20,41,10,2,1,14,16,2,2,6,7,6,1,NA,NA,NA
Lucas Pouille,1,3,48,36,52,33,8,3,38,37,5,11,10,14,6,7,6,NA,NA
Guido Pella,1,3,61,71,39,35,4,7,52,49,6,15,21,31,4,6,6,2,1
David Goffin,0,0,61,46,39,25,7,2,32,38,1,2,15,26,6,4,5,NA,NA
Roger Federer,1,3,62,30,38,18,3,,54,33,7,14,19,30,6,6,6,NA,NA
Tobias Kamke,0,2,65,75,35,37,5,4,55,38,7,16,22,34,6,5,7,6,4
Sam Querrey,1,3,62,45,38,14,8,6,39,28,7,12,9,15,6,7,6,NA,NA
Pablo Cuevas,0,1,56,37,44,19,2,4,23,39,2,5,8,14,7,1,1,1,NA
Marin Cilic,1,3,51,32,49,23,8,3,32,15,5,7,5,5,6,6,6,NA,NA
Viktor Troicki,1,3,56,61,44,35,14,2,57,56,10,23,20,37,4,7,6,6,6
Jeremy Chardy,1,3,64,50,36,17,11,4,59,41,4,8,21,28,6,7,6,NA,NA
Jarkko Nieminen,0,0,61,41,39,25,1,2,24,35,1,1,21,29,6,4,3,NA,NA
David Ferrer,1,3,60,31,40,15,3,2,29,21,8,15,8,13,6,6,6,NA,NA
Joao Sousa,0,1,66,58,34,24,10,3,31,41,1,3,11,18,6,3,4,4,NA
Kevin Anderson,1,3,68,69,32,26,14,3,58,37,5,11,14,19,6,6,7,6,NA
Michael Llodra,0,1,61,59,39,32,14,4,44,26,2,7,28,56,5,6,6,2,NA
Nicolas Almagro,1,3,46,36,54,30,9,6,41,45,5,12,11,14,6,6,6,NA,NA
Blaz Kavcic,0,2,63,64,37,37,7,5,46,40,3,9,19,32,0,6,7,6,3
Tommy Robredo,1,3,62,67,38,28,12,4,52,29,8,14,8,16,6,4,6,6,6
Ernests Gulbis,0,1,60,55,40,22,3,6,52,69,4,12,26,38,7,4,6,2,NA
Richard Gasquet,1,3,59,32,41,14,9,3,39,15,8,13,6,9,6,6,6,NA,NA
Nikolay Davydenko,1,3,65,41,35,18,2,1,22,28,5,14,15,21,6,7,6,NA,NA
Jerzy Janowicz,1,3,60,48,40,28,5,7,59,47,6,14,25,44,6,4,6,6,NA
Horacio Zeballos,0,0,62,46,38,16,4,3,25,26,0,8,17,24,2,6,4,NA,NA
Kei Nishikori,1,3,63,45,37,19,4,5,43,56,11,23,16,19,6,5,6,6,NA
Lukasz Kubot,0,0,75,46,25,8,1,2,23,26,4,6,9,24,6,2,4,NA,NA
Fabio Fognini,1,3,74,60,26,17,7,4,34,36,4,11,5,11,6,7,2,6,NA
Martin Klizan,0,1,56,30,44,25,6,5,32,57,4,7,15,28,6,3,3,3,NA
Janko Tipsarevic,1,3,64,82,36,38,9,1,49,52,5,20,21,32,7,6,3,5,8
Federico Delbonis,0,1,57,55,43,30,2,5,48,48,3,11,17,32,3,7,5,4,NA
John Isner,1,3,65,81,35,37,15,2,61,52,5,18,39,56,5,6,6,6,8
Jack Sock,0,0,54,39,46,22,4,6,25,34,1,7,18,26,6,2,5,NA,NA
Victor Hanescu,1,2,67,33,33,9,6,0,24,10,3,5,5,6,6,6,NA,NA,NA
Grigor Dimitrov,1,3,49,37,51,29,5,3,37,33,5,10,17,19,6,7,6,NA,NA
Guido Pella,0,0,57,26,43,12,1,4,10,34,0,1,3,7,2,0,2,NA,NA
Roger Federer,1,3,65,42,35,22,7,0,38,21,4,4,8,11,6,6,7,NA,NA
Sam Querrey,0,2,58,60,42,21,9,7,61,50,7,14,21,33,6,3,6,6,2
Marin Cilic,0,0,59,43,41,27,6,4,34,56,2,9,20,29,6,4,5,NA,NA
Jeremy Chardy,0,0,65,35,35,10,3,3,17,34,0,2,15,21,1,2,5,NA,NA
David Ferrer,1,3,66,41,34,17,1,4,35,30,7,19,14,20,6,7,6,NA,NA
Kevin Anderson,1,3,69,54,31,19,8,2,31,15,3,12,10,12,7,7,6,NA,NA
Nicolas Almagro,1,3,69,50,31,12,19,2,43,20,5,13,12,14,7,6,6,NA,NA
Tommy Robredo,1,3,70,74,30,30,4,2,50,52,6,17,28,40,2,6,6,7,6
Richard Gasquet,1,3,68,40,32,19,5,3,27,18,5,10,17,31,6,6,6,NA,NA
Jerzy Janowicz,0,1,61,58,39,23,6,10,37,46,1,5,19,31,3,7,3,3,NA
Kei Nishikori,1,3,63,53,37,23,1,5,27,34,8,19,14,27,6,6,6,6,NA
Fabio Fognini,0,0,67,47,33,26,3,2,47,59,3,11,17,31,6,4,4,NA,NA
Janko Tipsarevic,0,0,49,28,51,25,5,5,22,22,0,3,10,20,4,4,3,NA,NA
John Isner,1,3,78,132,22,24,27,0,92,58,2,13,52,80,5,6,6,7,8
Philipp Kohlschreiber,1,3,59,43,41,20,6,1,40,23,6,9,19,32,6,7,6,NA,NA
Grigor Dimitrov,0,0,69,33,31,9,0,2,18,48,1,5,8,12,2,2,3,NA,NA
Roger Federer,1,3,64,56,36,23,9,2,60,56,6,14,25,35,6,4,2,6,6
Viktor Troicki,0,0,62,34,38,15,5,1,20,27,0,3,19,28,3,3,3,NA,NA
David Ferrer,1,3,52,28,48,24,1,3,28,11,6,17,9,12,6,6,6,NA,NA
Nicolas Almagro,0,2,63,71,37,31,7,1,69,67,6,13,19,30,7,6,4,4,4
Richard Gasquet,0,2,60,87,40,38,10,2,57,46,2,11,37,53,7,6,4,5,6
Kei Nishikori,0,0,65,27,35,15,0,1,14,39,0,4,8,16,4,1,3,NA,NA
Mikhail Youzhny,0,0,63,16,37,12,0,3,17,32,2,6,13,21,1,1,3,NA,NA
Philipp Kohlschreiber,0,1,55,48,45,28,4,3,48,48,2,13,17,24,6,3,4,4,NA
Roger Federer,0,0,67,39,33,14,0,3,25,34,2,3,15,30,5,3,3,NA,NA
David Ferrer,1,3,47,25,53,22,1,3,26,18,7,12,13,15,6,6,6,NA,NA
Stanislas Wawrinka,0,0,60,30,40,12,3,4,23,40,1,5,16,30,2,3,1,NA,NA
Tommy Haas,0,0,60,48,40,21,4,5,19,34,2,2,2,17,3,6,5,NA,NA
Jo-Wilfried Tsonga,0,0,58,37,42,17,6,3,31,56,2,5,7,16,1,6,2,NA,NA
Rafael Nadal,1,3,64,73,36,35,6,3,61,44,8,16,15,26,6,3,6,6,9
David Ferrer,0,0,62,31,38,8,1,5,22,35,3,12,10,14,3,2,3,NA,NA